CATEGORY,CONDITION,_199901,_200001,_200101,_200201,_200301,_200401,_200501,_200601,_200701,_200801,_200901,_201001,_201101,_201201,_201301,_201401,_201501,_201601,_201701,_201801,_201901,_202001,_202101,_202201
1 Infectious and parasitic diseases,1 Bacterial infection; unspecified site,1.006446177,0.901677746,1.073237296,0.813656295,1.381028653,1.537706591,2.252793517,1.405607108,2.487818208,2.756859016,1.886327365,1.649389004,2.117403599,2.30750648,2.180742603,2.221741487,1.573143593,1.802417959,1.745353798,1.112961018,1.243127324,1.699178083,1.465404491,1.40197919
1 Infectious and parasitic diseases,2 Mycoses,1.006440887,0.874295873,0.844971748,1.045333322,0.9184755,0.855949713,0.991744757,1.302571033,1.22132942,1.118129361,1.176786641,1.164817069,1.609323917,1.013379845,1.241081645,1.086202178,1.571783249,1.106401884,1.578929451,1.51033687,1.54235095,1.134859871,1.240194581,1.334276518
1 Infectious and parasitic diseases,3 Viral infection,1.006685042,1.022675576,0.917656564,1.392911925,1.203630745,1.456726566,1.639601922,1.538572507,1.573267941,1.578335046,1.709538174,1.665405258,1.416566506,1.740097037,1.722018415,1.782858566,1.942764001,1.531910335,1.724460109,2.036927884,1.585919097,1.684741852,1.426738044,1.556353023
1 Infectious and parasitic diseases,4 Other infections including parasitic; Tuberculosis; Septicemia; HIV infection; Hepatitis; Sexually transmitted infections; Immunizations and screening for infectious disease,1.005320986,0.889267885,1.358131453,1.881408195,1.28755948,1.730246153,2.13238411,1.596872381,1.90107259,2.059227613,2.674584677,1.749615068,2.240994498,1.751603844,1.484783821,2.113065423,1.932517946,1.373687722,1.567202518,1.771775879,0.991534658,2.036996178,2.476013256,3.102115967
2 Neoplasms,5 Other non-epithelial cancer of skin,1.007339662,1.16906832,1.035652894,1.416623047,1.091387914,0.869020261,0.919305052,0.885857217,0.804907645,1.323555468,0.966416226,0.995692491,0.776758994,1.084207007,0.933510252,1.442345447,0.869291033,0.813027526,0.974122166,1.252030207,1.00927786,1.205002749,1.16253264,1.084449416
2 Neoplasms,6 Cancer of prostate,1.005979082,0.655076117,0.845102758,0.954423469,0.947278764,1.376271659,1.022308127,1.329782243,1.233490777,1.078385061,1.372782436,1.479508184,0.905324647,0.836135239,1.042234479,0.842614105,0.754880002,0.783636115,1.044016539,0.908057268,0.929414929,1.230654171,1.074271425,1.077717803
2 Neoplasms,7 Neoplasms of unspecified nature or uncertain behavior,1.006508152,1.512430985,1.160483429,0.953951696,0.80372975,1.057349271,1.2127729,1.155653207,1.462219015,1.661390171,0.80877227,1.498192628,1.840157197,1.668248405,0.860759084,0.841420451,0.79392242,1.208218092,0.784129283,1.411001915,1.021168445,1.023820017,1.378490032,1.231997815
2 Neoplasms,8 Other and unspecified benign neoplasm,1.007394305,1.494814486,1.324253189,1.134193969,1.50007816,1.125158157,1.290615628,1.533973761,1.199345472,1.167683952,1.341548382,1.321840028,1.532769998,1.559335602,1.72410224,1.244034403,1.586962729,1.644976839,1.283134027,1.818707906,2.131315384,1.602285656,1.788739743,1.860591461
2 Neoplasms,9 All other diseases in neoplasms,1.00576702,1.090131715,0.902968775,0.868073581,0.886962214,1.034050039,0.991120324,0.975029904,1.076803377,1.022035646,0.980415078,1.115165325,0.684473659,0.850592768,0.922096345,0.808957051,0.912967254,0.805316493,0.893586954,0.834386824,1.227397026,0.819952013,0.721347751,0.740057259
"3 Endocrine, nutritional, and metabolic diseases and immunity disorders",10 Thyroid disorders,1.005470914,0.914083484,0.85573362,1.027815405,0.968999395,0.996782975,1.126518508,1.19811547,1.410607143,1.377287841,1.350980303,1.147686583,1.049244576,1.246027149,1.173000406,1.516576085,1.466386439,1.159926924,1.226399051,1.366891209,1.489475423,1.424551055,1.283427406,1.433244567
"3 Endocrine, nutritional, and metabolic diseases and immunity disorders",11 Diabetes mellitus without complication,1.004162848,1.026143339,0.987581545,0.984404313,1.07450801,1.154181012,1.203629558,1.176402385,1.074159944,1.023725762,1.1721769,1.08919376,1.056847429,1.018630016,1.092109941,1.069820695,1.055650401,1.033048083,1.234069302,1.159463225,1.336929367,1.23086467,1.335243588,1.487143642
"3 Endocrine, nutritional, and metabolic diseases and immunity disorders",12 Other endocrine disorders,1.006766913,1.430935409,1.189809702,1.693332741,1.865841586,1.403366555,1.22558464,2.474157644,2.426722577,2.074935523,2.411748747,2.722815051,2.481467236,2.60512108,2.219665794,3.084194084,1.898356625,1.989509822,2.426482781,3.116614944,3.549906987,2.033651805,1.891893891,1.998455774
"3 Endocrine, nutritional, and metabolic diseases and immunity disorders",13 Disorders of lipid metabolism,1.006941594,1.088765443,1.102718178,1.273197266,1.312806378,1.343150567,1.407748854,1.536768379,1.587416542,1.65031531,1.752309738,1.756786169,1.76979215,1.838915442,1.851604166,1.848102592,1.885557789,1.955566793,2.084839656,2.059131919,2.06833599,2.175165241,2.096634315,2.068103419
"3 Endocrine, nutritional, and metabolic diseases and immunity disorders",14 Gout and other crystal arthropathies,1.005497036,0.670803968,0.723750604,0.665593059,1.012516171,0.778372392,1.164858148,1.042760699,0.952427025,1.564415881,1.25537973,2.136595088,0.988693242,1.699531703,1.449576865,1.084094594,1.198708157,1.40345107,1.990648905,1.284985098,0.870482463,1.111527926,1.552551469,1.980428091
"3 Endocrine, nutritional, and metabolic diseases and immunity disorders",15 Fluid and electrolyte disorders,1.004926366,1.189001704,0.815483347,0.7381871,1.027486048,0.768972604,1.22270736,1.429053546,1.375319837,1.553512774,1.696106196,1.484546647,1.311516175,1.427806131,1.41147861,1.323664275,1.56807046,1.816683602,1.406127808,1.369184126,2.213390128,2.317825566,2.666862862,3.291385696
"3 Endocrine, nutritional, and metabolic diseases and immunity disorders",16 Other nutritional; endocrine; and metabolic disorders,1.00719911,1.264251181,1.076248039,1.592908263,1.33186147,1.786130061,1.916600674,2.17172293,1.977729015,2.42754627,2.212506953,2.518610546,1.986446205,2.656586155,1.894032495,2.573258312,2.468793282,3.100749985,3.001464768,2.780022091,3.121231775,2.612504538,2.923006719,3.160840412
"3 Endocrine, nutritional, and metabolic diseases and immunity disorders",17 Diabetes mellitus with complications; Nutritional deficiencies; Cystic fibrosis; Immunity disorders,1.003612108,0.799893859,0.558224281,1.543060129,0.601325848,0.745115139,0.824134438,0.61554277,0.598701984,0.46538872,0.748810326,1.163373197,0.433765986,0.493680949,0.48274964,0.371996541,0.194967553,0.268961064,0.28350507,0.369295527,0.215213324,0.218051013,0.192343894,0.220387267
4 Mental disorders,18 Mental disorders,1.004182963,0.914235602,0.940368707,0.908932938,0.825138219,0.948775555,0.897354889,0.876862126,0.927043386,0.880839594,0.87600896,0.843183646,1.018097516,0.906680352,0.842434759,0.966666783,0.966827894,1.000877202,1.201344301,1.107161665,0.912839271,1.131187023,1.231992094,1.050180316
5 Diseases of the nervous system and sense organs,19 Epilepsy; convulsions,1.003762238,0.858568089,0.851993431,0.925900527,1.112255427,1.099571952,1.13791233,1.051422896,0.9503505,1.249103891,1.080203843,1.39493187,1.186623128,0.850899933,1.248397881,1.231891066,0.974494849,1.46877783,1.082408177,1.000987821,1.475930404,1.212714992,1.799101405,1.831978884
5 Diseases of the nervous system and sense organs,20 Headache; including migraine,1.006088754,0.994083216,0.925095079,0.913584144,1.04324567,0.982969528,1.086334426,1.100111425,1.23017931,1.248050485,1.221763134,1.256926637,1.272257169,1.524523943,1.254067745,1.301753771,1.456223313,1.347826913,1.541161019,1.44333008,1.700948129,1.477113087,1.683661161,1.811869363
5 Diseases of the nervous system and sense organs,21 Retinal detachments; defects; vascular occlusion; and retinopathy,1.00578765,0.666385175,0.812104895,0.758080238,0.399112861,0.705446308,0.815953392,0.516918443,0.628865098,0.612921648,0.753714006,0.606933587,0.572853564,0.571797652,0.684584627,0.780197991,0.629361221,0.85728117,0.882122852,0.755037818,0.674515133,0.62089784,0.814916537,0.82294335
5 Diseases of the nervous system and sense organs,22 Glaucoma,1.003883251,0.829886982,0.843290393,0.722460749,0.728651928,0.880185586,0.794957041,0.985742342,1.026476452,1.006539625,0.967641898,0.956489992,0.764029064,0.855453746,0.90745428,0.875569591,1.014178085,0.972000021,1.045555601,1.030914878,1.064235932,1.032268963,1.010480419,1.153030864
5 Diseases of the nervous system and sense organs,23 Blindness and vision defects,1.003372123,1.106033809,1.092065977,1.042004391,1.30265844,1.156576625,1.558775165,1.119175336,1.233806584,1.22154241,1.382961155,1.47447886,1.36749106,1.512278832,1.596885959,1.732655305,1.321623641,1.168322654,1.336219709,1.343493249,1.199811183,1.559426514,1.461682615,1.472844096
5 Diseases of the nervous system and sense organs,24 Inflammation; infection of eye (except that caused by tuberculosis or sexually transmitted disease),1.007014422,0.996484567,1.271789497,0.947932915,1.102155301,1.317754495,1.457748724,1.453688554,1.273057214,1.313781136,1.762863977,1.317353787,1.438749158,1.445924012,1.731498895,1.581988113,1.416399731,1.342599523,1.380379014,2.035153434,1.251495811,1.687847943,1.369238313,1.557385128
5 Diseases of the nervous system and sense organs,25 Other eye disorders,1.006989837,1.091422572,0.98387019,0.896366328,1.626704222,1.233325625,1.21672868,1.156707412,1.198670318,1.570258213,1.158193453,0.973513751,1.160590566,0.944808583,1.158437451,1.343314361,1.083287222,1.238187372,1.287198426,1.397655444,1.30317737,1.288701711,1.567534242,1.67632527
5 Diseases of the nervous system and sense organs,26 Otitis media and related conditions,1.007709277,1.098805059,0.940608571,1.122623135,1.084963964,1.176697043,1.093797548,1.108545161,1.147412604,1.063881641,1.251134165,1.204242317,1.16884593,1.315376798,1.296253636,1.540813641,1.190926906,1.396929809,1.784267249,1.353508221,1.386980943,1.600197188,1.940361684,1.836768588
5 Diseases of the nervous system and sense organs,27 Conditions associated with dizziness or vertigo,1.00630255,1.300135083,1.207878106,1.150743551,1.620398759,1.748179168,1.869224073,1.789221892,1.624105507,1.939997321,2.048254738,2.730831135,1.882742624,1.700692217,2.38982634,1.686794234,2.216165969,2.140115888,2.359094337,2.461325982,2.717719194,3.000492606,2.793035957,2.890088083
5 Diseases of the nervous system and sense organs,28 Other ear and sense organ disorders,1.005886337,1.031665827,0.929231883,1.092506925,0.911359934,1.195097805,1.171171143,1.150555843,1.098001565,1.594258007,1.508826063,1.170343736,1.274429879,1.238125219,1.48533049,1.079824051,1.413047292,1.291772814,1.405236184,1.83826602,1.536109099,1.601101685,1.472088651,1.729584977
5 Diseases of the nervous system and sense organs,29 Other nervous system disorders,1.006721574,1.064479024,1.18651763,1.133557703,1.204065817,1.229579868,1.322757626,1.473353391,1.238303797,1.365510651,1.290837279,1.343469938,1.169063197,1.32840403,1.298603708,1.1114522,1.421176617,1.078185757,1.247054792,1.2759962,0.995202522,1.032330052,1.473670746,1.287093057
5 Diseases of the nervous system and sense organs,30 Cataract; Meningitis; Encephalitis; Parkinson`s disease; Multiple sclerosis; Paralysis; and all others in the nervous system and sense organs,1.003539073,1.039113196,0.978740478,0.858820994,0.965584577,0.919857103,1.280140014,1.273910539,1.238579894,1.340688762,1.069672685,1.00561699,1.204423312,0.8814646,0.971882382,1.403013288,0.891176876,0.84051949,1.012062762,1.139253505,1.272571866,0.548767266,0.933940117,0.947164657
6 Diseases of the circulatory system,31 Heart valve disorders,1.006286857,1.095187804,0.74403947,1.536376783,1.434279571,1.365903784,1.36837521,1.168923949,1.959004154,0.94800792,1.112067946,1.118412875,1.744260357,1.53199104,0.70091359,1.93521361,2.588723592,1.740387817,1.945098508,1.563301501,1.64454852,1.330224006,1.71324654,1.879801965
6 Diseases of the circulatory system,32 Essential hypertension,1.004820652,0.996066621,0.920303801,1.033721391,1.057639814,1.090771879,1.164053823,1.221107352,1.184405914,1.244617182,1.328487128,1.278806217,1.323113398,1.290487188,1.294181318,1.226783,1.286769296,1.372470527,1.480320539,1.474742932,1.461256602,1.5513683,1.436152096,1.657748792
6 Diseases of the circulatory system,33 Acute myocardial infarction,1.006472216,0.970982805,0.73649789,1.095612703,1.386323273,1.112616501,1.291797838,1.189708379,1.267929705,1.288017163,1.094069496,0.520882248,0.462058879,0.43724961,0.509608917,0.393056186,0.393258103,0.372032076,0.494983955,0.444224531,0.57038502,0.44966634,0.447408126,0.394799835
6 Diseases of the circulatory system,34 Coronary atherosclerosis and other heart disease,1.005699259,1.066575224,0.929668029,0.99843783,1.050653862,0.800507977,0.829728262,0.610439051,0.937483225,0.756815375,0.903673174,0.708219571,0.736403287,0.830912032,0.973837443,0.895609633,0.773294245,0.724619728,0.86769,0.859134064,0.80057874,0.948925127,0.914614826,0.851584037
6 Diseases of the circulatory system,35 Nonspecific chest pain,1.006470009,1.034601416,1.154748999,1.117026372,1.329698967,1.200727702,1.541335968,1.526750757,1.703829599,1.62644061,2.22251778,1.750036122,2.185062887,1.598338274,2.373046912,1.508694641,1.147246473,2.083715733,1.721880202,2.012989021,1.693559124,1.855647225,1.987556271,1.972253625
6 Diseases of the circulatory system,36 Cardiac dysrhythmias,1.005712038,0.963894237,1.051732708,0.859475335,0.795659102,1.12378852,0.965962499,1.059935528,1.269220062,1.002169462,0.989155917,1.088711809,0.936745376,0.961720543,0.847856071,1.280407379,1.108941753,1.240856568,1.255116851,1.418261143,1.11871284,1.582622492,1.468528322,1.566043075
6 Diseases of the circulatory system,37 Congestive heart failure; nonhypertensive,1.004844574,0.786769793,0.869715115,0.85515453,0.902783174,1.104944589,0.862490469,0.869614927,1.146319771,0.922556911,0.8743825,0.682131631,0.937063567,0.816223674,1.010843893,0.654962902,0.719418715,0.779076311,1.075295846,0.962944158,0.928329838,1.26720958,1.020379606,1.062024726
6 Diseases of the circulatory system,38 Acute cerebrovascular disease,1.003056205,1.292820817,0.84339912,1.3947455,1.319335478,1.430464296,1.298259263,1.475229049,1.495082511,1.567663167,1.725885364,1.432774946,0.949731894,0.955388485,1.135366709,0.792066582,0.987235105,0.79669808,1.417782095,1.195117386,2.083385945,2.377756307,2.510751056,2.66029332
6 Diseases of the circulatory system,39 Aortic and peripheral arterial embolism or thrombosis,1.006496205,0.745281608,0.924552341,1.182492098,0.965811471,1.218244047,0.9906885,0.801018283,0.622399361,0.952127468,0.97168522,0.704201729,0.899274237,1.126352382,1.044082394,1.014919295,1.141454519,0.814292026,1.106384658,1.102580279,1.123580039,0.678666923,0.568129388,0.522193696
6 Diseases of the circulatory system,40 Other circulatory disease,1.003715338,1.022600295,0.985939714,0.811522079,1.161581102,1.293942897,0.94379702,1.284881299,1.299463021,1.257534261,1.548248076,1.190626214,1.378248342,1.617638709,1.659256171,1.493728072,1.417317078,1.557648384,1.525288907,1.201246466,0.919963219,1.288270676,1.114755827,1.068080452
6 Diseases of the circulatory system,41 Hemorrhoids,1.007052258,0.846025481,0.964273973,1.02167719,1.025670056,0.884906128,1.490608052,1.182289325,1.144819712,1.253792281,1.264065343,1.217583836,1.326470686,0.929821401,1.234238647,1.055115744,1.187588077,1.420116912,1.283258522,0.698236349,1.263680531,1.150996413,0.917779909,1.193256941
6 Diseases of the circulatory system,42 All other diseases in the circulatory system,1.004689685,1.130834467,1.007223058,1.074533441,1.232508516,1.170368114,1.086895152,1.249062794,1.335971286,0.973655545,1.138094718,1.291144806,1.116680944,1.367021381,1.049334506,1.081359193,1.084393538,1.088641433,1.1831908,1.049691805,1.438007298,1.492816337,1.381220639,1.472993107
7 Diseases of the respiratory system,43 Pneumonia (except that caused by tuberculosis or sexually transmitted disease),1.005905295,1.353982835,1.31745574,1.235811945,1.365944178,1.335986784,1.681127221,1.345061849,1.748359218,1.720475463,1.668839291,1.766208635,2.422448976,2.07723067,2.280959091,1.872098968,2.164515971,2.380293947,2.224058307,2.494108905,2.071820669,2.249004352,1.991060949,2.204328438
7 Diseases of the respiratory system,44 Influenza,1.006926713,0.658416864,0.813327494,0.734688256,0.580922307,0.690268073,0.959316299,0.848741768,1.203247803,1.138279584,1.133181594,0.709377229,0.936034189,1.642902866,0.913324878,1.121770097,1.080741426,1.245439182,1.305717177,1.233419341,1.297482315,1.783371967,1.58865258,1.948152893
7 Diseases of the respiratory system,45 Acute and chronic tonsillitis,1.007332376,1.179391722,1.734383365,1.346260684,1.33362314,1.606157264,1.320587629,2.002323635,2.00214963,1.849938334,2.121399922,2.471885101,1.682512923,2.173223452,2.627301503,2.774770787,1.513852797,2.156945849,2.081863678,2.26032029,3.029828413,2.429675877,4.090566006,4.190942991
7 Diseases of the respiratory system,46 Other upper respiratory infections,1.0075771,1.161889571,1.090392874,1.310162802,1.26616264,1.398046587,1.546074891,1.360074469,1.44228389,1.564240366,1.653468419,1.684455294,1.539650351,1.676156196,1.660075527,1.704104466,1.641078209,1.964160584,1.845631933,1.732466984,1.905736177,1.712866923,2.032049128,2.073103137
7 Diseases of the respiratory system,47 Chronic obstructive pulmonary disease and bronchiectasis,1.005358327,1.154967329,1.115288013,0.986131414,1.325442949,1.443450118,1.25677973,1.68574585,2.150070342,1.432246045,2.047180148,1.934019687,1.832372391,1.680555686,1.66197025,2.89069813,2.360613924,2.818895392,2.822663162,2.692956305,2.555073178,2.227146007,2.319585135,2.648511645
7 Diseases of the respiratory system,48 Asthma,1.00559314,1.034741674,0.986497391,1.185521594,1.104493006,1.122268155,1.176395835,1.1917603,1.138827613,1.101749375,1.084974921,1.187596572,0.979871369,1.013073192,0.910250358,1.218195583,1.005660326,1.176756887,1.123220374,1.021463484,1.144771725,1.100471742,1.257563367,1.258471814
7 Diseases of the respiratory system,49 Other lower respiratory disease,1.003877814,1.314120707,1.067620291,1.11279763,1.22075496,1.346924093,1.256171529,1.290198956,1.463256149,1.639349716,1.819713242,1.630081301,1.433030792,1.170584039,1.741833153,1.29710235,1.480778647,1.666742083,1.881138565,1.887188527,1.260269081,1.688038932,1.300507924,1.309109507
7 Diseases of the respiratory system,50 Other upper respiratory disease,1.007519293,1.019286591,1.099880075,0.982483917,1.078027641,0.963330324,1.12146461,1.033003661,1.0715423,1.185238874,1.22628117,1.181490021,1.395692233,1.378711941,1.297758076,1.32021407,1.218536486,1.38610391,1.628501526,1.376521018,1.516138892,1.681023218,2.117788789,1.944312301
7 Diseases of the respiratory system,51 Acute bronchitis; Aspiration pneumonitis; food/vomitus; Pleurisy; pneumothorax; pulmonary collapse; Respiratory failure; insufficiency; arrest (adult); Lung disease due to external agents,1.006292429,0.886092703,1.433777605,1.087635541,1.445006381,1.33908271,1.143916117,0.981675982,2.010473923,1.323827664,1.018557963,0.987210178,1.239885021,1.406939293,2.346346668,1.95591113,1.208650825,0.903589386,0.596209089,0.989420298,0.56807424,0.775710389,0.556936003,0.671945842
8 Diseases of the digestive system,52 Intestinal infection,1.007119668,1.366769216,1.428942782,1.161651428,1.496353434,1.979677937,1.587119109,2.204962618,3.057505132,2.760196595,3.292023643,2.951696003,2.55050032,2.427645299,2.559395417,2.339653963,4.40147931,5.062579627,4.048394291,4.771330447,5.640364501,4.972984464,4.184452922,4.271834138
8 Diseases of the digestive system,53 Disorders of teeth and jaw,1.006332587,1.909753906,1.16546916,0.666983268,1.310944908,1.502491214,1.696530263,1.585796118,1.612788099,1.993567742,2.229727518,1.82442771,2.51921938,1.800060455,2.316971207,1.698981184,2.166573578,2.260302881,2.914738671,1.827009369,1.746569374,2.84773269,1.980902607,2.384791104
8 Diseases of the digestive system,54 Diseases of mouth; excluding dental,1.007794645,1.269315706,1.351649276,1.54396485,2.473355751,1.152824682,1.57013095,1.815218623,2.076157656,1.521581781,2.24186436,1.590322849,4.63004434,2.525143766,2.227584455,1.960783758,2.260247196,1.863885709,3.850830068,2.18996834,3.662709099,5.986110781,3.66506899,4.164112116
8 Diseases of the digestive system,55 Esophageal disorders,1.006908119,1.130639349,0.916196446,1.032829298,0.795139056,0.86833408,0.904209705,0.988003529,1.01371356,0.98099085,0.934378569,0.956678723,1.019264208,0.988204017,0.981172267,0.98341585,1.082129121,1.235544797,1.244165566,1.158297586,1.131080026,1.195358859,1.178843298,1.319149226
8 Diseases of the digestive system,56 Gastritis and duodenitis,1.00689698,1.611292352,1.322729123,1.297716883,1.373058498,1.249592273,1.188625568,1.222923793,1.398702842,1.728412073,1.37048569,1.200724356,0.979200843,1.558012374,1.560098929,1.158159172,1.0531439,1.966088203,1.88831987,1.463538297,1.332455553,1.106493224,1.365304251,1.298966888
8 Diseases of the digestive system,57 Other disorders of stomach and duodenum,1.006669042,1.100709752,1.29991417,1.367994443,1.12010143,1.110708965,1.303423775,1.192104978,1.292589984,1.50333086,1.500683356,1.555821211,1.365541604,1.956786073,1.794377642,1.683734596,1.481566554,1.613584262,1.680578773,1.43209321,1.746914106,2.074146856,1.508851188,1.558982077
8 Diseases of the digestive system,58 Abdominal hernia,1.006298521,1.143210517,1.227109271,1.034007626,1.092301641,1.492294767,1.345498072,1.417088484,1.256359851,1.885627006,1.579537484,1.584172953,1.952929981,1.845625483,1.60453047,1.591086353,1.868784738,2.112464246,2.386375785,1.908284498,2.555991315,2.172210609,2.134009144,2.378588104
8 Diseases of the digestive system,59 Diverticulosis and diverticulitis,1.006015964,1.947488044,2.059818508,1.156704206,1.593465625,1.483189447,1.408435113,1.482422927,1.192564848,1.452621619,1.310716602,1.557984373,1.470779807,1.612923607,1.978735021,1.736662115,1.694055024,1.266025271,1.511813688,2.696368272,1.490135465,1.655014453,3.067074598,3.140934961
8 Diseases of the digestive system,60 Biliary tract disease,1.006284261,0.916092071,1.003542413,0.874784522,0.894451098,0.972963249,0.987396451,0.960966697,1.265080357,0.962347071,1.182601121,0.990012216,1.020112995,1.09525683,1.01458648,1.041609641,1.140995514,0.97724086,0.95093376,1.255627938,1.224158063,1.129381002,1.098439818,1.128381983
8 Diseases of the digestive system,61 Other liver diseases,1.006387639,1.277832734,1.045788988,1.712918701,0.780955072,1.262236655,1.713335883,1.64006302,1.980007141,1.068150427,1.498233561,2.116413948,1.415208461,1.384278461,1.564220641,1.72323374,2.695488893,1.6586158,1.598396263,1.384116384,2.044490389,1.109101732,2.399821212,2.254314778
8 Diseases of the digestive system,62 Gastrointestinal hemorrhage,1.006841806,1.25101797,1.486623387,2.071084127,1.460835957,1.332700349,1.338798786,1.296027322,1.429342474,1.169583182,1.245796848,2.276168413,1.604283339,1.842561161,1.166603148,1.624068301,1.366502511,1.285401639,1.615226966,2.061129126,1.345741562,0.869056996,0.725422627,0.760687334
8 Diseases of the digestive system,63 Other gastrointestinal disorders,1.004252896,0.852018004,1.065115403,0.93425897,1.117812903,1.29052251,0.999186105,1.45437559,1.172789493,1.20516755,1.000817046,1.082886896,1.101112065,1.169388259,1.397837421,0.955864278,0.948376881,1.210072758,1.41028004,1.629085785,0.943845419,1.081300691,1.176166147,1.084758112
8 Diseases of the digestive system,64 All other diseases in the digestive system,1.00577256,1.160974989,1.208093453,1.109157786,1.737206326,1.816539502,2.199465767,2.117357748,1.907883917,2.09453931,2.080119184,2.216249872,2.260460679,2.69897534,2.399631105,2.108995847,2.636352647,2.269118345,2.798712769,3.189813627,3.002838857,2.607160296,3.654445133,3.845696546
9 Diseases of the genitourinary system,65 Urinary tract infections,1.006678301,1.034660379,1.401253697,1.133572363,1.251876716,1.285229293,1.365088969,1.404214608,1.531189888,1.642649704,1.6719447,1.715150985,2.253613823,1.884725751,1.591087583,2.118996007,1.946199933,1.766420445,2.571698867,2.324119114,2.498108276,2.221041431,1.965056969,1.874848332
9 Diseases of the genitourinary system,66 Other diseases of kidney and ureters,1.004548649,1.657837018,1.267729885,0.628637045,1.200186366,1.852022254,1.442532255,1.53680716,1.441021483,1.201640381,1.469291588,1.684459946,0.851802562,1.173177186,0.941539383,0.870782097,1.003662334,1.425496933,1.36146704,1.813015186,0.916391232,0.951988573,1.151973972,1.337477306
9 Diseases of the genitourinary system,67 Other diseases of bladder and urethra,1.006565217,0.611810788,0.595157746,0.514427381,0.649750662,0.446556085,0.44021004,0.521713932,0.658860426,0.527999112,0.688582003,0.415332281,0.39656375,0.732325176,0.641262099,0.472271074,0.368492257,0.499668256,0.392631798,0.478794206,0.424761429,0.600952389,0.791594125,0.849176621
9 Diseases of the genitourinary system,68 Genitourinary symptoms and ill-defined conditions,1.003689411,0.92172769,1.122562714,0.824652785,1.387978515,0.642125105,0.708105679,0.990140504,1.046532175,1.399431128,0.895890279,0.817282124,1.421308433,0.913727717,0.782898084,0.839792495,0.761660647,0.885558829,1.03373647,1.228529143,0.957843981,1.07889167,1.148300402,1.488464489
9 Diseases of the genitourinary system,69 Hyperplasia of prostate,1.006898196,0.571634964,0.622213553,0.426464238,0.581066206,0.748822598,1.079369265,0.949546158,0.550695349,0.933620164,0.73820365,0.814591578,0.422497637,0.833455909,0.517404866,0.554431623,0.494685283,0.614290915,0.615518888,0.822046598,0.662348444,0.707804668,0.720649411,0.810994955
9 Diseases of the genitourinary system,70 Other male genital disorders,1.006874884,1.026048204,1.809244842,0.954753484,1.311483946,1.337621543,1.465423201,1.529776958,1.374672774,1.379645332,1.368175251,1.349589828,1.243226538,1.553367181,1.114008851,1.645572795,1.293989038,1.248170117,1.257679854,1.424552906,1.455273144,1.650333064,1.470267474,1.399262378
9 Diseases of the genitourinary system,71 Nonmalignant breast conditions,1.007554484,1.064868613,1.346379971,0.920060664,1.090830488,1.114477854,1.246860392,1.418175951,1.719829756,1.377146389,1.248112512,1.140522491,1.558751759,1.949539406,1.349537795,1.300117517,1.101773686,1.035342634,1.165652424,1.18495803,1.48050403,1.698065924,1.164165772,1.189396721
9 Diseases of the genitourinary system,72 Menstrual disorders,1.007393028,1.15141352,0.88135005,1.13708403,1.53578314,1.284067395,1.211515077,1.471800725,1.181115675,1.577069109,1.570099992,1.576453883,1.708087062,1.790838026,1.840493241,1.423684415,1.609707265,2.128487461,1.675285629,1.433370768,1.936746867,1.521094681,1.432133063,1.293826355
9 Diseases of the genitourinary system,73 Ovarian cyst,1.007295556,1.039789849,1.653515631,1.544577665,0.891601486,1.11133461,1.399669699,1.826530198,1.536536216,1.551943041,1.342252785,1.7769383,1.893130745,1.085594633,1.958542872,1.263433984,1.4305764,0.935188001,1.399067406,1.700994623,1.9126244,1.478676415,1.283094434,1.278820519
9 Diseases of the genitourinary system,74 Menopausal disorders,1.006819388,1.012340401,1.093431126,1.136413452,1.146001854,1.127863782,1.231577732,1.323216891,1.260333807,1.343053794,1.267421475,1.158065764,1.396017788,1.429320515,1.504676589,1.791013609,1.335946795,1.537578926,1.562970523,1.646965829,2.668392528,1.571033772,1.989132642,1.560077811
9 Diseases of the genitourinary system,75 Other female genital disorders,1.007106522,0.993904849,0.837527022,1.097359301,1.401346874,1.503574752,1.499099746,1.12421431,1.399824476,1.281824012,1.001306312,1.383459706,1.5524492,0.840918747,1.176585861,1.373869788,1.782730131,2.552712864,0.905708836,1.826329973,1.573505592,1.171797714,1.394161272,1.668137462
9 Diseases of the genitourinary system,76 All other diseases in the genitourinary system,1.006981243,1.803849468,2.140648997,1.479545791,1.833484517,2.844559387,3.372106988,2.316241251,2.922445768,2.941993804,2.05797022,1.950750917,1.837256551,1.81691597,2.033331664,1.829560619,2.4693783,2.13770217,2.284865324,2.366577673,3.433465454,2.18116374,3.188261211,3.401563671
"10 Complications of pregnancy, childbirth, and the puerperium",77 Contraceptive and procreative management,1.006468682,1.141057036,0.76557861,0.936755696,1.211945379,1.022186995,1.313741841,1.194375263,1.149536724,1.14358544,1.237770603,1.26033443,1.427461517,1.370283638,1.863565029,1.780635974,1.793945982,1.546083391,1.664492555,1.952790498,2.399634738,2.568162883,2.173659552,2.557253232
"10 Complications of pregnancy, childbirth, and the puerperium",78 Normal pregnancy and/or delivery,1.007022469,0.95956089,1.156603217,1.107473073,1.131932348,1.183787549,1.251922471,1.317122946,1.302556575,1.40476348,1.493420396,1.359305872,1.531317714,1.493615693,1.554564093,1.542969011,1.515857183,1.571829286,1.552845413,1.5295677,1.635554582,1.703842865,1.794974828,1.83729412
"10 Complications of pregnancy, childbirth, and the puerperium","79 All other complications of pregnancy, childbirth, and the puerperium",1.006734524,1.225683552,1.262622207,0.914797014,0.765454018,1.453673363,0.920776704,0.918342036,0.894809071,0.825196542,1.195570351,1.12204426,1.527749141,1.027807375,1.187155312,1.143902394,1.187669675,1.379434395,1.113498649,1.470585105,0.890740239,0.799903441,1.008647616,1.019090423
11 Diseases of the skin and subcutaneous tissue,80 Skin and subcutaneous tissue infections,1.00457153,1.416608801,1.027803956,1.147785211,1.463287095,1.280423007,1.787189095,1.765473966,1.850064999,1.878645133,1.974186108,2.393960244,2.717698563,2.427930934,1.354690073,2.348780646,2.813731631,2.606388612,1.898416457,2.991192781,3.614827017,4.315504089,2.876330423,3.137656592
11 Diseases of the skin and subcutaneous tissue,81 Other inflammatory condition of skin,1.007032179,1.095246543,0.889358276,1.376298226,1.00176462,1.104057102,1.268499757,1.06510046,0.974210618,1.01656929,1.293779843,1.391381238,1.429431707,1.133077142,1.120322661,1.345470785,1.130562721,1.068316427,1.28894928,1.179795415,1.081810807,1.089785032,1.138096366,1.110484618
11 Diseases of the skin and subcutaneous tissue,82 Chronic ulcer of skin and other skin disorders,1.006300776,1.028687207,0.997772307,1.004415298,1.051041371,1.1767304,1.351318954,1.375133052,1.469639069,1.616578645,1.207627409,1.446112862,1.443939897,1.262673531,1.440861214,1.4571941,1.451671149,1.384359944,1.864298366,1.63702131,1.274308495,1.345408298,1.298778782,1.330450005
12 Diseases of the musculoskeletal system and connective tissue,83 Osteoarthritis,1.005554108,0.854112483,1.057671422,1.250614125,0.688401967,1.167209886,1.187908557,1.090478433,0.843451543,0.810454016,1.104998637,0.728160709,0.655136279,0.596400777,0.621179985,0.820950108,0.781186024,0.778430855,0.815764613,0.725196602,0.633898977,0.697501909,0.690256708,0.696195955
12 Diseases of the musculoskeletal system and connective tissue,84 Other non-traumatic joint disorders,1.004741607,1.092805867,1.065017882,1.059903018,1.056165676,1.066601441,1.156228751,1.216476403,1.237269092,1.341449927,1.446318637,1.190289142,1.298566273,1.362076182,1.349132291,1.151401922,1.280180171,1.22581938,1.509681747,1.369693727,1.590754471,1.766395122,1.719017621,1.903048453
12 Diseases of the musculoskeletal system and connective tissue,85 Spondylosis; intervertebral disc disorders; other back problems,1.0068314,1.125434479,1.218209551,1.081412796,1.157508657,1.196946202,1.177877477,1.220565462,1.423245115,1.273548163,1.232809573,1.25105385,1.40786895,1.292197225,1.326184636,1.250416536,1.342530671,1.168498762,1.331056082,1.41313914,1.4444938,1.312965635,1.652101208,1.700852681
12 Diseases of the musculoskeletal system and connective tissue,86 Osteoporosis,1.001759884,1.201713056,1.423080245,0.925753837,0.735571036,0.909195399,0.886227029,0.856223392,0.797340706,0.797959808,0.817429822,0.800626969,0.72942035,0.873432106,0.852610128,1.510020743,1.619431375,0.941935102,1.058518679,1.187338895,0.975439589,0.836207026,0.882952938,1.159202137
12 Diseases of the musculoskeletal system and connective tissue,87 Acquired foot deformities,1.007773185,0.777432405,0.861560045,0.924103778,1.483495691,0.866088869,0.775962844,0.851949328,1.034135303,1.433462143,0.814281403,1.094555842,0.888156678,0.929191215,1.186839036,1.417860489,1.781307843,0.75377366,1.400327972,0.814744584,2.200953864,1.141951837,1.798386037,1.873879045
12 Diseases of the musculoskeletal system and connective tissue,88 Other connective tissue disease,1.006368348,1.199530178,1.075455712,1.292798472,1.445365326,1.369477999,1.473144227,1.374393814,1.359863179,1.417050932,1.634910545,1.375135166,1.443571441,1.560770971,1.744585745,2.284377716,1.945876721,2.075047661,2.112050449,2.229594905,2.721921407,2.872678989,2.822567893,3.38945942
12 Diseases of the musculoskeletal system and connective tissue,89 Other bone disease and musculoskeletal deformities,1.004592808,1.037762425,1.154962363,0.538353187,0.579914157,1.578520357,0.752293664,0.635111671,0.49745937,0.63010623,0.510308293,0.734252835,0.489453208,0.687238803,0.801305674,0.691577742,1.858306513,1.24930888,0.818515075,0.613707653,0.970746897,1.412911891,1.195415269,1.071566595
12 Diseases of the musculoskeletal system and connective tissue,90 Rheumatoid arthritis and related disease; Pathological fracture; Other acquired deformities; Systemic lupus erythematosus and connective tissue disorders,1.002236811,0.952440048,0.769689765,0.957864787,0.63586157,1.130877842,1.008250404,1.121636397,0.985623103,0.944153062,0.901986651,0.683782955,0.73546665,0.761041551,0.781651978,1.143215397,1.077771948,0.811526967,0.79597254,0.817267141,0.801350329,0.836086088,0.846768712,0.819804922
13 Injury and poisoning,91 Joint disorders and dislocations; trauma-related,1.007227526,1.402827784,0.994536884,1.082339066,1.075997066,1.353904953,1.439686432,1.413272527,1.110414086,1.85632869,1.36374602,1.349869253,1.168250759,1.086698661,1.355866106,1.254427628,0.968302006,1.318143234,1.702245288,1.327313561,1.483355979,1.212539033,1.504062321,1.418142007
13 Injury and poisoning,92 Fracture of upper limb,1.006049807,0.97571712,1.116390892,1.180358682,1.169224355,1.358442246,1.389918598,1.49272368,1.141702728,1.371229414,1.783881349,1.562129423,1.419344786,1.504078743,1.193228017,1.310160369,1.509812269,1.630798235,2.062464176,2.281790413,0.996525871,1.28213849,1.702468028,1.848373134
13 Injury and poisoning,93 Fracture of lower limb,1.005803233,0.987037097,1.340613552,1.206261693,1.284020493,1.401706383,1.256728356,1.326482691,1.425167873,1.609128481,1.65820252,1.464866042,1.215226106,2.226318971,1.675583722,1.779347732,1.54297506,1.75832296,1.947780129,1.458198131,0.888893903,1.668890292,1.719397103,1.9068264
13 Injury and poisoning,94 Other fractures,1.005905346,1.35676246,1.895291148,1.341712247,1.671676681,1.970714287,1.638342294,3.435488906,1.807657874,2.577934745,3.07413778,3.139889324,1.888829307,1.676161373,2.317906289,2.476343811,2.908145315,2.205033552,2.804299815,3.34965246,3.502617524,3.340378369,2.014026005,2.546658424
13 Injury and poisoning,95 Sprains and strains,1.007368455,0.999007728,1.099587197,1.263620767,0.924877627,1.032572461,1.288103952,1.267347518,1.289474272,1.24352131,1.309407386,1.218717806,1.118392711,1.566948346,1.157698683,1.14890534,1.268634076,1.242970827,1.385274593,1.254848432,1.213997374,1.419788289,1.549055498,1.586717591
13 Injury and poisoning,96 Open wounds of head; neck; and trunk,1.007279987,2.01317338,2.063706157,1.724872408,1.833586429,3.080797684,3.621135126,3.903617944,4.900430489,4.720000755,4.06905559,3.895512803,4.436592917,4.623092939,3.598384044,5.817256817,5.673814602,5.469131969,4.983520283,3.831561978,3.168012515,4.415552337,4.908188434,4.076430246
13 Injury and poisoning,97 Open wounds of extremities,1.007041342,0.998618657,0.982944381,0.968917082,1.113780835,1.626358318,1.258884504,1.758281844,1.302761702,1.75077854,1.604432591,1.87737873,1.431392294,1.85118083,1.371718925,1.650239692,3.030574374,2.75624431,2.355685191,2.392615437,1.956370417,1.564821654,2.011640587,2.065486834
13 Injury and poisoning,98 Superficial injury; contusion,1.007012656,0.992718947,1.482560009,1.303886111,1.138285785,1.425665294,1.476445162,1.235873234,1.054873427,1.945827223,1.72971963,1.015452109,1.714642099,1.387489929,1.610456518,1.636300966,1.429272392,1.831440105,1.902930483,1.710396839,1.902958863,1.480955586,3.011895452,3.320281849
13 Injury and poisoning,99 Poisoning by nonmedicinal substances,1.006858702,1.045335499,0.479128735,0.388132673,1.32240565,1.361659079,1.447266191,1.518788342,1.422549039,1.430209929,1.725155703,0.879141482,2.58506884,2.186420785,1.474257543,1.604106807,0.81028223,1.817174279,1.464617754,2.6080456,1.669556764,2.650759516,0.94799333,1.333549563
13 Injury and poisoning,100 Other injuries and conditions due to external causes,1.006089607,1.044517318,0.973748396,1.491092042,1.215066922,1.627737249,1.51959262,1.428059457,1.621604588,1.708235393,1.352206256,1.77644612,1.632694369,1.612612091,1.877197354,1.603222917,1.603338929,1.594614063,1.94356826,1.918805601,1.354147326,1.743354764,2.101589897,1.896348481
13 Injury and poisoning,"101 All other injuries and poisonings including burn, Intracranial injury, etc.",1.005392482,1.150448384,1.216654309,1.387313106,1.382993775,1.326998971,1.676629215,1.64059024,1.481484621,2.103033838,1.786837565,1.682974674,1.798539498,1.871622749,2.014357319,1.869642984,1.96549723,1.928581942,1.790347905,1.99378805,2.422088881,2.284601688,2.771508461,2.873609848
14 Symptoms; signs; and ill-defined conditions,102 Fever of unknown origin,1.006777479,0.580340088,1.611069708,1.554853947,1.899108609,1.680475854,1.386635262,1.829293108,1.996165319,1.837928082,1.319514659,1.180208832,1.138494332,1.539208122,2.034938647,1.239836506,1.929902545,2.158049759,1.344930972,1.710886738,1.94029219,1.553568065,2.021750384,1.83624408
14 Symptoms; signs; and ill-defined conditions,103 Nausea and vomiting,1.00684235,1.791742668,0.921953022,1.589277299,1.170394645,1.750668435,0.822193549,0.954787438,2.001363343,1.131558493,1.244487039,1.633685499,1.012781051,1.081248463,1.308826776,1.281142409,1.407368982,0.979211917,1.146394117,1.237648961,1.171385349,1.31339034,0.834952089,0.78985033
14 Symptoms; signs; and ill-defined conditions,104 Abdominal pain,1.007126972,1.753398121,2.251780787,1.964949705,2.361885339,2.688584775,2.193406065,1.823955034,2.100251335,2.195243124,3.958090265,2.027917075,1.620843838,2.874891129,3.375676119,1.626271448,2.307045315,2.426025912,2.322388301,2.717894613,2.533680904,1.783760753,2.303949473,2.387897458
14 Symptoms; signs; and ill-defined conditions,105 Malaise and fatigue,1.004268252,0.892989512,1.180572782,0.624884196,0.508473533,1.053574397,1.177354573,0.75418655,0.977305283,0.789205014,0.689468612,0.56858364,0.760408577,1.099624505,0.888064385,0.977151145,0.827424172,0.366354403,0.572036742,0.944059684,1.612655295,0.7901431,1.992632202,2.212961002
14 Symptoms; signs; and ill-defined conditions,106 Allergic reactions,1.007313707,1.017042194,1.170476936,1.290914504,1.493519808,1.416081217,1.398988959,1.184967766,1.480839589,1.301077041,1.661278993,2.016858432,1.837563222,1.957280941,2.735636763,1.867196229,2.12569705,2.234592616,2.158459995,2.403072201,2.074756232,2.162138407,2.163399815,2.102903239
14 Symptoms; signs; and ill-defined conditions,107 Administrative/social admission,1.006861705,0.924481628,1.087911319,1.174211959,1.250071984,1.269061014,1.226081472,1.258424432,1.269422908,1.313316712,1.276176043,1.465154893,1.614880615,1.581664632,1.480142204,1.794813166,1.691979673,1.693970864,1.920492692,1.87689269,1.664074217,2.591994304,4.431917201,3.587315483
14 Symptoms; signs; and ill-defined conditions,108 Medical examination/evaluation,1.00611983,1.245658025,1.382877426,1.315996185,1.208314609,1.34975166,1.467960199,1.663715133,1.616104924,1.588056956,1.58738084,1.583457133,1.148063503,1.20623247,1.383147119,1.284591715,1.370195744,1.423394059,1.463981703,1.272972157,1.652292551,1.661701131,2.450135542,2.546293373
14 Symptoms; signs; and ill-defined conditions,109 Other aftercare,1.006145859,1.116009129,0.97613882,1.342996465,0.918433531,1.188353571,1.201966513,1.895596853,1.733106658,1.901611465,1.603653152,2.613019109,2.057269837,1.721487517,1.865189191,1.497100781,1.928897256,1.860982785,2.412230585,2.694671474,2.869684495,2.587676539,3.119227756,2.853023203
14 Symptoms; signs; and ill-defined conditions,110 Other screening for suspected conditions (not mental disorders or infectious disease),1.008017589,1.22446915,0.939144879,1.076228194,1.429169055,1.440384289,2.182416521,2.374242808,2.439347021,2.356974609,2.385771696,2.451118056,1.636925182,1.770195895,2.095335235,1.959299576,1.704473559,1.663358119,2.067564804,1.873772286,1.97469157,2.514605438,2.459473491,2.309206765
14 Symptoms; signs; and ill-defined conditions,111 Syncope; Lymphadenitis; Gangrene; Shock; Rehabilitation care; fitting of prostheses; and adjustment of devices,1.006772754,1.736367573,1.364096858,1.284755689,2.085151799,1.795301979,1.916381567,2.193762506,2.863372184,1.834557738,2.039015237,1.974422463,1.876299743,2.177254508,3.440545642,3.158611404,2.918466129,3.715296028,3.368703685,3.116348318,3.713329637,3.438503432,2.842643689,2.632244602
15 Blood and blood-forming organs; congenital anomalies; and certain conditions originating in the perinatal period,112 Deficiency and other anemia,1.006073478,0.536480498,0.561353759,0.423080401,0.36130315,0.797971138,0.734915665,0.600308804,0.920676724,0.857830166,0.743866607,0.703793023,0.592057368,0.752217101,0.535627799,0.737636751,0.656314921,0.769652184,0.576355547,0.587221515,0.757841619,0.629061527,0.609345151,0.599477559
15 Blood and blood-forming organs; congenital anomalies; and certain conditions originating in the perinatal period,"113 All others in the blood and blood-forming organs, congenital anomalies, and certain conditions originating in the perinatal period",1.00610989,0.948580917,0.959878314,1.086494014,0.970343181,1.109234007,1.643593018,1.235212326,1.554850974,1.240870067,1.068268994,1.288476656,1.35062047,1.999693564,1.164108822,1.102929515,1.24955885,1.513215088,1.220404163,1.27046713,3.019508585,4.675931781,2.220525656,2.34056739
16 Residual codes; unclassified,"114 Residual and unclassified categories, inapplicable and not ascertained",1.006158633,1.119743912,1.112634752,1.153108613,1.316829279,1.294144242,1.273385123,1.362034378,1.404247404,1.235164834,1.16290035,1.164636667,1.132318391,1.316148133,1.492987222,1.145821536,1.331427884,1.241270919,1.146208883,1.297338287,2.145409548,2.101119196,1.926092318,1.88688357
17 Dental diseases,115 Dental diseases,1.010074078,1.053516687,1.099575064,1.141170821,1.188587948,1.242527167,1.31327752,1.380913102,1.452334158,1.536666449,1.592690823,1.636975871,1.679144015,1.718579206,1.770389855,1.819100051,1.858238437,1.908150758,1.948922007,1.979096643,2.034971441,2.085671572,2.150403528,2.200784483